{"cameraMode":{"drawMode":0,"name":"Shaded","section":"Shading Mode"},"sceneLighting":true,"audioPlay":false,"sceneViewState":{"showFog":true,"showMaterialUpdate":false,"showSkybox":true,"showFlares":true,"showImageEffects":true,"showParticleSystems":true},"in2DMode":false,"pivot":{"x":-7.657108783721924,"y":-5.796079635620117,"z":26.303852081298829},"rotation":{"x":0.1927119344472885,"y":-0.11598210781812668,"z":0.022942526265978814,"w":0.9741193652153015},"size":65.68171691894531,"orthographic":false}